"Start Time","Duration","Run ID","Name","Source Type","Source Name","User","Status","model_type","RMSE","avg_RMSE"
"2025-09-08 03:25:53","40.2s","7c9e3eb5846141fb929fddcaeb97406b","BaggingRegressor_Fold_9","NOTEBOOK","/Users/omars.soub@gmail.com/SimpleDataBricksProject/full_pipeline_example/Machine_Learning","omars.soub@gmail.com","FINISHED","","31205.060474070386",""
"2025-09-08 03:25:13","39.9s","2203f50a91694943806e66be07d65256","BaggingRegressor_Fold_8","NOTEBOOK","/Users/omars.soub@gmail.com/SimpleDataBricksProject/full_pipeline_example/Machine_Learning","omars.soub@gmail.com","FINISHED","","16579.00662708151",""
"2025-09-08 03:24:32","40.6s","5f843c1e8b9c4e90aba223792c525ce9","BaggingRegressor_Fold_7","NOTEBOOK","/Users/omars.soub@gmail.com/SimpleDataBricksProject/full_pipeline_example/Machine_Learning","omars.soub@gmail.com","FINISHED","","50113.11988709497",""
"2025-09-08 03:23:51","40.7s","9fd4f22c92e14735b42d83184dbe7946","BaggingRegressor_Fold_6","NOTEBOOK","/Users/omars.soub@gmail.com/SimpleDataBricksProject/full_pipeline_example/Machine_Learning","omars.soub@gmail.com","FINISHED","","43574.74060728181",""
"2025-09-08 03:23:11","40.2s","f7c87faccd2e49f69acaddc92d49f43c","BaggingRegressor_Fold_5","NOTEBOOK","/Users/omars.soub@gmail.com/SimpleDataBricksProject/full_pipeline_example/Machine_Learning","omars.soub@gmail.com","FINISHED","","21803.948965786138",""
"2025-09-08 03:22:30","40.3s","b689bc01e13c435abd2783dbed9fc369","BaggingRegressor_Fold_4","NOTEBOOK","/Users/omars.soub@gmail.com/SimpleDataBricksProject/full_pipeline_example/Machine_Learning","omars.soub@gmail.com","FINISHED","","40614.65767359295",""
"2025-09-08 03:21:49","40.9s","8b4e4c1ef09f4ce780994ad9a8b8ec44","BaggingRegressor_Fold_3","NOTEBOOK","/Users/omars.soub@gmail.com/SimpleDataBricksProject/full_pipeline_example/Machine_Learning","omars.soub@gmail.com","FINISHED","","7950.343263645918",""
"2025-09-08 03:21:09","40.1s","2825751dafc64916bd41084d8269f208","BaggingRegressor_Fold_2","NOTEBOOK","/Users/omars.soub@gmail.com/SimpleDataBricksProject/full_pipeline_example/Machine_Learning","omars.soub@gmail.com","FINISHED","","3891.1801484230655",""
"2025-09-08 03:20:29","40.4s","175119b88709488ea19e04e2e0da6dfb","BaggingRegressor_Fold_1","NOTEBOOK","/Users/omars.soub@gmail.com/SimpleDataBricksProject/full_pipeline_example/Machine_Learning","omars.soub@gmail.com","FINISHED","","13145.21210470861",""
"2025-09-08 03:19:48","40.4s","03d5239c912b406b9b13c23ead71bebd","BaggingRegressor_Fold_0","NOTEBOOK","/Users/omars.soub@gmail.com/SimpleDataBricksProject/full_pipeline_example/Machine_Learning","omars.soub@gmail.com","FINISHED","","5927.536197770117",""
"2025-09-08 03:19:48","6.8min","76c61747796a4cbe87e855492932fbc8","BaggingRegressor","NOTEBOOK","/Users/omars.soub@gmail.com/SimpleDataBricksProject/full_pipeline_example/Machine_Learning","omars.soub@gmail.com","FINISHED","BaggingRegressor","","23480.480594945548"
"2025-09-08 03:19:47","471ms","ae02ea7e16c24c99a51a383743c243a3","SGDRegressor_Fold_9","NOTEBOOK","/Users/omars.soub@gmail.com/SimpleDataBricksProject/full_pipeline_example/Machine_Learning","omars.soub@gmail.com","FINISHED","","159918.7392293234",""
"2025-09-08 03:19:46","0.7s","ce2ef88d032f4d8b8cf0f3c6e6428118","SGDRegressor_Fold_8","NOTEBOOK","/Users/omars.soub@gmail.com/SimpleDataBricksProject/full_pipeline_example/Machine_Learning","omars.soub@gmail.com","FINISHED","","104576.05180088399",""
"2025-09-08 03:19:46","287ms","a769e915c89e422ca5bd753e0c801742","SGDRegressor_Fold_7","NOTEBOOK","/Users/omars.soub@gmail.com/SimpleDataBricksProject/full_pipeline_example/Machine_Learning","omars.soub@gmail.com","FINISHED","","136899.19813254158",""
"2025-09-08 03:19:46","289ms","35c15608a82d47c88392d968ef5ac04a","SGDRegressor_Fold_6","NOTEBOOK","/Users/omars.soub@gmail.com/SimpleDataBricksProject/full_pipeline_example/Machine_Learning","omars.soub@gmail.com","FINISHED","","148994.40899910184",""
"2025-09-08 03:19:45","311ms","ed891e313a70463393d79868ed9d3029","SGDRegressor_Fold_5","NOTEBOOK","/Users/omars.soub@gmail.com/SimpleDataBricksProject/full_pipeline_example/Machine_Learning","omars.soub@gmail.com","FINISHED","","128359.04558841641",""
"2025-09-08 03:19:45","476ms","8dfb31de0767434da4c078c473253dea","SGDRegressor_Fold_4","NOTEBOOK","/Users/omars.soub@gmail.com/SimpleDataBricksProject/full_pipeline_example/Machine_Learning","omars.soub@gmail.com","FINISHED","","163856.0437680842",""
"2025-09-08 03:19:44","0.5s","e6b976dcab384876aa0ebc4c7576e215","SGDRegressor_Fold_3","NOTEBOOK","/Users/omars.soub@gmail.com/SimpleDataBricksProject/full_pipeline_example/Machine_Learning","omars.soub@gmail.com","FINISHED","","113118.74782343543",""
"2025-09-08 03:19:43","433ms","51d21be0409342c0a3b3002e88b9a6d0","SGDRegressor_Fold_2","NOTEBOOK","/Users/omars.soub@gmail.com/SimpleDataBricksProject/full_pipeline_example/Machine_Learning","omars.soub@gmail.com","FINISHED","","105527.23913319265",""
"2025-09-08 03:19:43","447ms","257e8f2c8ec549efbbecdcf4f6fbe31c","SGDRegressor_Fold_1","NOTEBOOK","/Users/omars.soub@gmail.com/SimpleDataBricksProject/full_pipeline_example/Machine_Learning","omars.soub@gmail.com","FINISHED","","114190.86636820299",""
"2025-09-08 03:19:42","357ms","caf50e175ca44cb48075c225f2da8509","SGDRegressor_Fold_0","NOTEBOOK","/Users/omars.soub@gmail.com/SimpleDataBricksProject/full_pipeline_example/Machine_Learning","omars.soub@gmail.com","FINISHED","","92982.3715325816",""
"2025-09-08 03:19:42","5.7s","4c1f32e8202249e8bd820ba1e3b077f2","SGDRegressor","NOTEBOOK","/Users/omars.soub@gmail.com/SimpleDataBricksProject/full_pipeline_example/Machine_Learning","omars.soub@gmail.com","FINISHED","SGDRegressor","","126842.27123757642"
"2025-09-08 03:19:41","436ms","368f5fb648374cc18e246c159c0c1560","KNeighborsRegressor_Fold_9","NOTEBOOK","/Users/omars.soub@gmail.com/SimpleDataBricksProject/full_pipeline_example/Machine_Learning","omars.soub@gmail.com","FINISHED","","135166.01424074778",""
"2025-09-08 03:19:41","479ms","aae361ad95784b808cf7aa265b38bc2d","KNeighborsRegressor_Fold_8","NOTEBOOK","/Users/omars.soub@gmail.com/SimpleDataBricksProject/full_pipeline_example/Machine_Learning","omars.soub@gmail.com","FINISHED","","122842.0628349927",""
"2025-09-08 03:19:40","0.5s","0adaf3fedc164de68e16463e0a280ac7","KNeighborsRegressor_Fold_7","NOTEBOOK","/Users/omars.soub@gmail.com/SimpleDataBricksProject/full_pipeline_example/Machine_Learning","omars.soub@gmail.com","FINISHED","","130043.9998580652",""
"2025-09-08 03:19:40","0.6s","626cfc4c49524632bdb36660ad58ecd6","KNeighborsRegressor_Fold_6","NOTEBOOK","/Users/omars.soub@gmail.com/SimpleDataBricksProject/full_pipeline_example/Machine_Learning","omars.soub@gmail.com","FINISHED","","143659.00795991105",""
"2025-09-08 03:19:39","412ms","04cbb9e39e9748a98243f105ed36d73e","KNeighborsRegressor_Fold_5","NOTEBOOK","/Users/omars.soub@gmail.com/SimpleDataBricksProject/full_pipeline_example/Machine_Learning","omars.soub@gmail.com","FINISHED","","136580.96701077805",""
"2025-09-08 03:19:38","444ms","695a0cec104b4101a6b089d3a93bd61d","KNeighborsRegressor_Fold_4","NOTEBOOK","/Users/omars.soub@gmail.com/SimpleDataBricksProject/full_pipeline_example/Machine_Learning","omars.soub@gmail.com","FINISHED","","152443.483400107",""
"2025-09-08 03:19:38","477ms","091f7491d9404f7c9865cab298d47f13","KNeighborsRegressor_Fold_3","NOTEBOOK","/Users/omars.soub@gmail.com/SimpleDataBricksProject/full_pipeline_example/Machine_Learning","omars.soub@gmail.com","FINISHED","","105381.428962104",""
"2025-09-08 03:19:37","463ms","47b1c0ae7f664af5846f94cb6e0a7f5e","KNeighborsRegressor_Fold_2","NOTEBOOK","/Users/omars.soub@gmail.com/SimpleDataBricksProject/full_pipeline_example/Machine_Learning","omars.soub@gmail.com","FINISHED","","115768.07217198519",""
"2025-09-08 03:19:37","0.5s","627f914e75134b47b7f07f71c2b3dc0e","KNeighborsRegressor_Fold_1","NOTEBOOK","/Users/omars.soub@gmail.com/SimpleDataBricksProject/full_pipeline_example/Machine_Learning","omars.soub@gmail.com","FINISHED","","116570.2274014509",""
"2025-09-08 03:19:36","441ms","5480c8aed02443399b1cdf2b6c510735","KNeighborsRegressor_Fold_0","NOTEBOOK","/Users/omars.soub@gmail.com/SimpleDataBricksProject/full_pipeline_example/Machine_Learning","omars.soub@gmail.com","FINISHED","","108393.37367243553",""
"2025-09-08 03:19:36","6.0s","5d2ea6a8cbf644109521da28a1586f82","KNeighborsRegressor","NOTEBOOK","/Users/omars.soub@gmail.com/SimpleDataBricksProject/full_pipeline_example/Machine_Learning","omars.soub@gmail.com","FINISHED","KNeighborsRegressor","","126684.86375125774"
"2025-09-08 03:19:34","2.0s","e9e08440d89d475ea71a07b7918b8176","AdaBoostRegressor_Fold_9","NOTEBOOK","/Users/omars.soub@gmail.com/SimpleDataBricksProject/full_pipeline_example/Machine_Learning","omars.soub@gmail.com","FINISHED","","159116.72961687864",""
"2025-09-08 03:19:32","1.6s","5db9b43724db411db03f525474ed0213","AdaBoostRegressor_Fold_8","NOTEBOOK","/Users/omars.soub@gmail.com/SimpleDataBricksProject/full_pipeline_example/Machine_Learning","omars.soub@gmail.com","FINISHED","","153667.584246559",""
"2025-09-08 03:19:30","1.7s","92ad8e94c60043af967eac8f6beca030","AdaBoostRegressor_Fold_7","NOTEBOOK","/Users/omars.soub@gmail.com/SimpleDataBricksProject/full_pipeline_example/Machine_Learning","omars.soub@gmail.com","FINISHED","","153155.77986943285",""
"2025-09-08 03:19:28","1.6s","60419ee193ca4c6e83c6d84df736f301","AdaBoostRegressor_Fold_6","NOTEBOOK","/Users/omars.soub@gmail.com/SimpleDataBricksProject/full_pipeline_example/Machine_Learning","omars.soub@gmail.com","FINISHED","","150824.72854663423",""
"2025-09-08 03:19:26","1.9s","a641bb9680214fc9b893f0862e435594","AdaBoostRegressor_Fold_5","NOTEBOOK","/Users/omars.soub@gmail.com/SimpleDataBricksProject/full_pipeline_example/Machine_Learning","omars.soub@gmail.com","FINISHED","","158626.777080264",""
"2025-09-08 03:19:24","1.7s","86a07d5f29e44a5aa0f7a3bd1a38ccbc","AdaBoostRegressor_Fold_4","NOTEBOOK","/Users/omars.soub@gmail.com/SimpleDataBricksProject/full_pipeline_example/Machine_Learning","omars.soub@gmail.com","FINISHED","","162278.21609029514",""
"2025-09-08 03:19:23","1.8s","486852ea2154496ebe18438945f7bd19","AdaBoostRegressor_Fold_3","NOTEBOOK","/Users/omars.soub@gmail.com/SimpleDataBricksProject/full_pipeline_example/Machine_Learning","omars.soub@gmail.com","FINISHED","","164360.11465442445",""
"2025-09-08 03:19:21","1.7s","facf26de19924aa686ae092a4080ba09","AdaBoostRegressor_Fold_2","NOTEBOOK","/Users/omars.soub@gmail.com/SimpleDataBricksProject/full_pipeline_example/Machine_Learning","omars.soub@gmail.com","FINISHED","","167821.10539013363",""
"2025-09-08 03:19:19","1.7s","78c8d9bef6cd4408b3da3fab22b5fcde","AdaBoostRegressor_Fold_1","NOTEBOOK","/Users/omars.soub@gmail.com/SimpleDataBricksProject/full_pipeline_example/Machine_Learning","omars.soub@gmail.com","FINISHED","","177729.67143105651",""
"2025-09-08 03:19:17","1.7s","a559abeae41c443cb784dd175e9f39bb","AdaBoostRegressor_Fold_0","NOTEBOOK","/Users/omars.soub@gmail.com/SimpleDataBricksProject/full_pipeline_example/Machine_Learning","omars.soub@gmail.com","FINISHED","","166303.35689834933",""
"2025-09-08 03:19:17","18.9s","9c7b6cda5fa14d949c87146360a2d4e4","AdaBoostRegressor","NOTEBOOK","/Users/omars.soub@gmail.com/SimpleDataBricksProject/full_pipeline_example/Machine_Learning","omars.soub@gmail.com","FINISHED","AdaBoostRegressor","","161388.40638240278"
"2025-09-08 03:19:13","3.3s","234dfef2d386476c8e7c84deff2c868d","GradientBoostingRegressor_Fold_9","NOTEBOOK","/Users/omars.soub@gmail.com/SimpleDataBricksProject/full_pipeline_example/Machine_Learning","omars.soub@gmail.com","FINISHED","","29281.655800438657",""
"2025-09-08 03:19:10","3.1s","0b6508ea436847018a12b2ee17bef6d5","GradientBoostingRegressor_Fold_8","NOTEBOOK","/Users/omars.soub@gmail.com/SimpleDataBricksProject/full_pipeline_example/Machine_Learning","omars.soub@gmail.com","FINISHED","","18042.49317048115",""
"2025-09-08 03:19:07","3.3s","1428d11c29e94bb9a08bab9e3ae67996","GradientBoostingRegressor_Fold_7","NOTEBOOK","/Users/omars.soub@gmail.com/SimpleDataBricksProject/full_pipeline_example/Machine_Learning","omars.soub@gmail.com","FINISHED","","20083.86899026917",""
"2025-09-08 03:19:03","3.5s","b7ffd61348dc4a52978ecb19d487f70e","GradientBoostingRegressor_Fold_6","NOTEBOOK","/Users/omars.soub@gmail.com/SimpleDataBricksProject/full_pipeline_example/Machine_Learning","omars.soub@gmail.com","FINISHED","","30180.62164680142",""
"2025-09-08 03:19:00","3.2s","a1cacc2e86f649498424819be2ffbe80","GradientBoostingRegressor_Fold_5","NOTEBOOK","/Users/omars.soub@gmail.com/SimpleDataBricksProject/full_pipeline_example/Machine_Learning","omars.soub@gmail.com","FINISHED","","15228.028998800322",""
"2025-09-08 03:18:57","3.2s","3db8ed4a751640689383fa6b61106a7d","GradientBoostingRegressor_Fold_4","NOTEBOOK","/Users/omars.soub@gmail.com/SimpleDataBricksProject/full_pipeline_example/Machine_Learning","omars.soub@gmail.com","FINISHED","","24637.72136586239",""
"2025-09-08 03:18:53","3.2s","471f8c17941a4c28ac674af0022dc589","GradientBoostingRegressor_Fold_3","NOTEBOOK","/Users/omars.soub@gmail.com/SimpleDataBricksProject/full_pipeline_example/Machine_Learning","omars.soub@gmail.com","FINISHED","","11627.05731860708",""
"2025-09-08 03:18:50","3.1s","34f1f23089e549ebb837431a7a4aefe6","GradientBoostingRegressor_Fold_2","NOTEBOOK","/Users/omars.soub@gmail.com/SimpleDataBricksProject/full_pipeline_example/Machine_Learning","omars.soub@gmail.com","FINISHED","","10528.915585097133",""
"2025-09-08 03:18:47","3.1s","2f2db94fb2fe42cf9e1d3a1812239d39","GradientBoostingRegressor_Fold_1","NOTEBOOK","/Users/omars.soub@gmail.com/SimpleDataBricksProject/full_pipeline_example/Machine_Learning","omars.soub@gmail.com","FINISHED","","15074.038959710148",""
"2025-09-08 03:18:43","3.2s","af7b14ede37d4ba5a24e14d48a382f27","GradientBoostingRegressor_Fold_0","NOTEBOOK","/Users/omars.soub@gmail.com/SimpleDataBricksProject/full_pipeline_example/Machine_Learning","omars.soub@gmail.com","FINISHED","","13437.015817168445",""
"2025-09-08 03:18:43","33.6s","f58ea9c241be4b3e8b0e1d965f92b3aa","GradientBoostingRegressor","NOTEBOOK","/Users/omars.soub@gmail.com/SimpleDataBricksProject/full_pipeline_example/Machine_Learning","omars.soub@gmail.com","FINISHED","GradientBoostingRegressor","","18812.14176532359"
"2025-09-08 03:18:35","8.1s","4c48ba5afe0542e4873c47069fe9b944","RandomForestRegressor_Fold_9","NOTEBOOK","/Users/omars.soub@gmail.com/SimpleDataBricksProject/full_pipeline_example/Machine_Learning","omars.soub@gmail.com","FINISHED","","31617.597873770756",""
"2025-09-08 03:18:27","8.2s","d838a8cdd4974a41b8cbb62cf3e965c2","RandomForestRegressor_Fold_8","NOTEBOOK","/Users/omars.soub@gmail.com/SimpleDataBricksProject/full_pipeline_example/Machine_Learning","omars.soub@gmail.com","FINISHED","","14978.101030959235",""
"2025-09-08 03:18:18","8.4s","1230385977494a0f8bbfca49abe0dae1","RandomForestRegressor_Fold_7","NOTEBOOK","/Users/omars.soub@gmail.com/SimpleDataBricksProject/full_pipeline_example/Machine_Learning","omars.soub@gmail.com","FINISHED","","45476.66591939082",""
"2025-09-08 03:18:10","8.2s","7d0f219e3d974bd4b3c79f226ba56e71","RandomForestRegressor_Fold_6","NOTEBOOK","/Users/omars.soub@gmail.com/SimpleDataBricksProject/full_pipeline_example/Machine_Learning","omars.soub@gmail.com","FINISHED","","42152.64109838138",""
"2025-09-08 03:18:01","8.1s","41082fe141db454c883b3c37df171a46","RandomForestRegressor_Fold_5","NOTEBOOK","/Users/omars.soub@gmail.com/SimpleDataBricksProject/full_pipeline_example/Machine_Learning","omars.soub@gmail.com","FINISHED","","23465.20498669008",""
"2025-09-08 03:17:53","8.2s","d3182fedcde4487c9d2ff7233b88591e","RandomForestRegressor_Fold_4","NOTEBOOK","/Users/omars.soub@gmail.com/SimpleDataBricksProject/full_pipeline_example/Machine_Learning","omars.soub@gmail.com","FINISHED","","38627.20201171576",""
"2025-09-08 03:17:45","8.3s","765485a339604593a88c0085b9769338","RandomForestRegressor_Fold_3","NOTEBOOK","/Users/omars.soub@gmail.com/SimpleDataBricksProject/full_pipeline_example/Machine_Learning","omars.soub@gmail.com","FINISHED","","8147.379821807689",""
"2025-09-08 03:17:36","8.6s","6272c0cc3e3c4035a9ea305ef0bfac5c","RandomForestRegressor_Fold_2","NOTEBOOK","/Users/omars.soub@gmail.com/SimpleDataBricksProject/full_pipeline_example/Machine_Learning","omars.soub@gmail.com","FINISHED","","3408.4711779272166",""
"2025-09-08 03:17:28","8.1s","c94f77d9a8684ffeae45738ffd5eb0a0","RandomForestRegressor_Fold_1","NOTEBOOK","/Users/omars.soub@gmail.com/SimpleDataBricksProject/full_pipeline_example/Machine_Learning","omars.soub@gmail.com","FINISHED","","13061.541838004316",""
"2025-09-08 03:17:19","8.5s","97bd28adffee40d4b0b3c0dcd044f4fa","RandomForestRegressor_Fold_0","NOTEBOOK","/Users/omars.soub@gmail.com/SimpleDataBricksProject/full_pipeline_example/Machine_Learning","omars.soub@gmail.com","FINISHED","","6356.79881721948",""
"2025-09-08 03:17:19","1.4min","425a1667af214b5fb8ca344e2ba39d8e","RandomForestRegressor","NOTEBOOK","/Users/omars.soub@gmail.com/SimpleDataBricksProject/full_pipeline_example/Machine_Learning","omars.soub@gmail.com","FINISHED","RandomForestRegressor","","22729.160457586673"
"2025-09-08 03:17:18","9.2min","4a6e79423d78449fa5e1f29dc9633eb7","Cross-Validation Experiment-House Pricing Project","NOTEBOOK","/Users/omars.soub@gmail.com/SimpleDataBricksProject/full_pipeline_example/Machine_Learning","omars.soub@gmail.com","FINISHED","","",""
"2025-09-08 03:08:56","37.0s","37d7346362e246d69a090a097767d8d8","BaggingRegressor_Fold_4","NOTEBOOK","/Users/omars.soub@gmail.com/SimpleDataBricksProject/full_pipeline_example/Machine_Learning","omars.soub@gmail.com","FINISHED","","22469.50781491518",""
"2025-09-08 03:08:20","36.1s","1582106520394a108890b81fed246ac4","BaggingRegressor_Fold_3","NOTEBOOK","/Users/omars.soub@gmail.com/SimpleDataBricksProject/full_pipeline_example/Machine_Learning","omars.soub@gmail.com","FINISHED","","44785.92098268707",""
"2025-09-08 03:07:44","36.1s","66fa2a23a44b4df69035d99f845f0584","BaggingRegressor_Fold_2","NOTEBOOK","/Users/omars.soub@gmail.com/SimpleDataBricksProject/full_pipeline_example/Machine_Learning","omars.soub@gmail.com","FINISHED","","38156.157619179365",""
"2025-09-08 03:07:06","37.5s","a6c1eb925e0549e590f7a9165ee34e3a","BaggingRegressor_Fold_1","NOTEBOOK","/Users/omars.soub@gmail.com/SimpleDataBricksProject/full_pipeline_example/Machine_Learning","omars.soub@gmail.com","FINISHED","","6551.94070426479",""
"2025-09-08 03:06:27","39.4s","3f0e55751110452d95dc4e84e7d14fa1","BaggingRegressor_Fold_0","NOTEBOOK","/Users/omars.soub@gmail.com/SimpleDataBricksProject/full_pipeline_example/Machine_Learning","omars.soub@gmail.com","FINISHED","","11470.24734647154",""
"2025-09-08 03:06:26","3.1min","d32c37349eab493ba3851b08562732e6","BaggingRegressor","NOTEBOOK","/Users/omars.soub@gmail.com/SimpleDataBricksProject/full_pipeline_example/Machine_Learning","omars.soub@gmail.com","FINISHED","BaggingRegressor","","24686.75489350359"
"2025-09-08 03:06:26","486ms","dc18d776eb134a2b9848bc71de98b512","SGDRegressor_Fold_4","NOTEBOOK","/Users/omars.soub@gmail.com/SimpleDataBricksProject/full_pipeline_example/Machine_Learning","omars.soub@gmail.com","FINISHED","","133006.0682055763",""
"2025-09-08 03:06:22","3.3s","c2513c5be9954cbbba54bbf8f397c518","SGDRegressor_Fold_3","NOTEBOOK","/Users/omars.soub@gmail.com/SimpleDataBricksProject/full_pipeline_example/Machine_Learning","omars.soub@gmail.com","FINISHED","","1253524.1920156844",""
"2025-09-08 03:06:22","0.5s","5a890d04ab8b4a3eb981c667f912b821","SGDRegressor_Fold_2","NOTEBOOK","/Users/omars.soub@gmail.com/SimpleDataBricksProject/full_pipeline_example/Machine_Learning","omars.soub@gmail.com","FINISHED","","144513.73718338186",""
"2025-09-08 03:06:21","430ms","3708ba11b7cf42b796a9b9b998705574","SGDRegressor_Fold_1","NOTEBOOK","/Users/omars.soub@gmail.com/SimpleDataBricksProject/full_pipeline_example/Machine_Learning","omars.soub@gmail.com","FINISHED","","107052.5537410325",""
"2025-09-08 03:06:21","367ms","136d85e4afb547e7b4da053250e393f7","SGDRegressor_Fold_0","NOTEBOOK","/Users/omars.soub@gmail.com/SimpleDataBricksProject/full_pipeline_example/Machine_Learning","omars.soub@gmail.com","FINISHED","","104800.7774833421",""
"2025-09-08 03:06:20","5.9s","b838feee835b4432ae3e82c9520c790e","SGDRegressor","NOTEBOOK","/Users/omars.soub@gmail.com/SimpleDataBricksProject/full_pipeline_example/Machine_Learning","omars.soub@gmail.com","FINISHED","SGDRegressor","","348579.46572580346"
"2025-09-08 03:06:20","0.8s","9df7bc62bc7d4c14b0788c25162ea4a1","KNeighborsRegressor_Fold_4","NOTEBOOK","/Users/omars.soub@gmail.com/SimpleDataBricksProject/full_pipeline_example/Machine_Learning","omars.soub@gmail.com","FINISHED","","129700.0980099784",""
"2025-09-08 03:06:19","0.9s","b0d12bfaad71420fbe1a20f1373bfac9","KNeighborsRegressor_Fold_3","NOTEBOOK","/Users/omars.soub@gmail.com/SimpleDataBricksProject/full_pipeline_example/Machine_Learning","omars.soub@gmail.com","FINISHED","","140497.267866497",""
"2025-09-08 03:06:18","0.7s","445b4909f17049e1bc12d69f18d094f1","KNeighborsRegressor_Fold_2","NOTEBOOK","/Users/omars.soub@gmail.com/SimpleDataBricksProject/full_pipeline_example/Machine_Learning","omars.soub@gmail.com","FINISHED","","150284.05173025542",""
"2025-09-08 03:06:17","0.8s","0e9c8d89fe6440e5bc7ab55da6fb38c4","KNeighborsRegressor_Fold_1","NOTEBOOK","/Users/omars.soub@gmail.com/SimpleDataBricksProject/full_pipeline_example/Machine_Learning","omars.soub@gmail.com","FINISHED","","112889.6453614087",""
"2025-09-08 03:06:16","0.7s","89d8c0432bf24a359f785a5256bb2f77","KNeighborsRegressor_Fold_0","NOTEBOOK","/Users/omars.soub@gmail.com/SimpleDataBricksProject/full_pipeline_example/Machine_Learning","omars.soub@gmail.com","FINISHED","","113419.52172680659",""
"2025-09-08 03:06:16","4.6s","7a87f450a13a4981b1e02c93b9c06de7","KNeighborsRegressor","NOTEBOOK","/Users/omars.soub@gmail.com/SimpleDataBricksProject/full_pipeline_example/Machine_Learning","omars.soub@gmail.com","FINISHED","KNeighborsRegressor","","129358.11693898922"
"2025-09-08 03:06:14","1.9s","528daa8ed77f4e98a0e8b0fd741faa33","AdaBoostRegressor_Fold_4","NOTEBOOK","/Users/omars.soub@gmail.com/SimpleDataBricksProject/full_pipeline_example/Machine_Learning","omars.soub@gmail.com","FINISHED","","158553.95357787455",""
"2025-09-08 03:06:12","1.5s","88242169ed414fc6b57e4c546e6a4300","AdaBoostRegressor_Fold_3","NOTEBOOK","/Users/omars.soub@gmail.com/SimpleDataBricksProject/full_pipeline_example/Machine_Learning","omars.soub@gmail.com","FINISHED","","130680.36546060098",""
"2025-09-08 03:06:10","1.5s","9738f4d557094cd28c283bfaca026861","AdaBoostRegressor_Fold_2","NOTEBOOK","/Users/omars.soub@gmail.com/SimpleDataBricksProject/full_pipeline_example/Machine_Learning","omars.soub@gmail.com","FINISHED","","158307.75468489714",""
"2025-09-08 03:06:09","1.5s","9319d2e86f8a4dcabdd73f7f60cefd32","AdaBoostRegressor_Fold_1","NOTEBOOK","/Users/omars.soub@gmail.com/SimpleDataBricksProject/full_pipeline_example/Machine_Learning","omars.soub@gmail.com","FINISHED","","169966.17070302812",""
"2025-09-08 03:06:07","1.5s","99903e40dcb24470913ad8dffe2f7f88","AdaBoostRegressor_Fold_0","NOTEBOOK","/Users/omars.soub@gmail.com/SimpleDataBricksProject/full_pipeline_example/Machine_Learning","omars.soub@gmail.com","FINISHED","","166644.65396852017",""
"2025-09-08 03:06:07","8.9s","e086bf35a5924178b2d3a1d11e774f37","AdaBoostRegressor","NOTEBOOK","/Users/omars.soub@gmail.com/SimpleDataBricksProject/full_pipeline_example/Machine_Learning","omars.soub@gmail.com","FINISHED","AdaBoostRegressor","","156830.57967898418"
"2025-09-08 03:06:04","2.9s","67eaf447f4834b0dabaef1541b9d074d","GradientBoostingRegressor_Fold_4","NOTEBOOK","/Users/omars.soub@gmail.com/SimpleDataBricksProject/full_pipeline_example/Machine_Learning","omars.soub@gmail.com","FINISHED","","33766.48745909391",""
"2025-09-08 03:06:01","2.8s","4e902ec3ac9b4b168b550139c50d58f6","GradientBoostingRegressor_Fold_3","NOTEBOOK","/Users/omars.soub@gmail.com/SimpleDataBricksProject/full_pipeline_example/Machine_Learning","omars.soub@gmail.com","FINISHED","","22855.108351323892",""
"2025-09-08 03:05:58","2.8s","473015728dff4bba802044a126c74e45","GradientBoostingRegressor_Fold_2","NOTEBOOK","/Users/omars.soub@gmail.com/SimpleDataBricksProject/full_pipeline_example/Machine_Learning","omars.soub@gmail.com","FINISHED","","27416.30936130926",""
"2025-09-08 03:05:55","3.0s","8096888debcf4a81a2fb72cada67d309","GradientBoostingRegressor_Fold_1","NOTEBOOK","/Users/omars.soub@gmail.com/SimpleDataBricksProject/full_pipeline_example/Machine_Learning","omars.soub@gmail.com","FINISHED","","11036.45392216763",""
"2025-09-08 03:05:52","2.9s","325412df26984c44b502b1bca89a139f","GradientBoostingRegressor_Fold_0","NOTEBOOK","/Users/omars.soub@gmail.com/SimpleDataBricksProject/full_pipeline_example/Machine_Learning","omars.soub@gmail.com","FINISHED","","14932.615067556984",""
"2025-09-08 03:05:51","15.3s","2dbefd9435454e3580fdd64b6fda5146","GradientBoostingRegressor","NOTEBOOK","/Users/omars.soub@gmail.com/SimpleDataBricksProject/full_pipeline_example/Machine_Learning","omars.soub@gmail.com","FINISHED","GradientBoostingRegressor","","22001.394832290338"
"2025-09-08 03:05:44","7.2s","ff7f0beca9b74cee8131ace49e97fcc2","RandomForestRegressor_Fold_4","NOTEBOOK","/Users/omars.soub@gmail.com/SimpleDataBricksProject/full_pipeline_example/Machine_Learning","omars.soub@gmail.com","FINISHED","","23341.519770640825",""
"2025-09-08 03:05:37","7.2s","548c14ffba5044049dab74fe064feecf","RandomForestRegressor_Fold_3","NOTEBOOK","/Users/omars.soub@gmail.com/SimpleDataBricksProject/full_pipeline_example/Machine_Learning","omars.soub@gmail.com","FINISHED","","47077.12252647892",""
"2025-09-08 03:05:29","7.3s","af602f6a4983405d89ad2796906b16e1","RandomForestRegressor_Fold_2","NOTEBOOK","/Users/omars.soub@gmail.com/SimpleDataBricksProject/full_pipeline_example/Machine_Learning","omars.soub@gmail.com","FINISHED","","40313.385169160574",""
"2025-09-08 03:05:22","7.4s","a067016a84b6496b8c610dca3b45260c","RandomForestRegressor_Fold_1","NOTEBOOK","/Users/omars.soub@gmail.com/SimpleDataBricksProject/full_pipeline_example/Machine_Learning","omars.soub@gmail.com","FINISHED","","6428.516809425273",""
"2025-09-08 03:05:14","7.6s","7ae98e92bd624cadade50b59065f14bc","RandomForestRegressor_Fold_0","NOTEBOOK","/Users/omars.soub@gmail.com/SimpleDataBricksProject/full_pipeline_example/Machine_Learning","omars.soub@gmail.com","FINISHED","","10969.357300727426",""
"2025-09-08 03:05:14","37.7s","8f19ca48bb2a45bc94a2bf48a7c2792d","RandomForestRegressor","NOTEBOOK","/Users/omars.soub@gmail.com/SimpleDataBricksProject/full_pipeline_example/Machine_Learning","omars.soub@gmail.com","FINISHED","RandomForestRegressor","","25625.9803152866"
"2025-09-08 03:05:13","4.3min","3ab51010c9674466a1dcaff91d97ce4c","Cross-Validation Experiment-House Pricing Project","NOTEBOOK","/Users/omars.soub@gmail.com/SimpleDataBricksProject/full_pipeline_example/Machine_Learning","omars.soub@gmail.com","FINISHED","","",""
"2025-09-08 00:13:28","38.8s","712019824c664fb595f4d6c6053f44bd","BaggingRegressor_Fold_4","NOTEBOOK","/Users/omars.soub@gmail.com/full_pipeline_example/Machine_Learning","omars.soub@gmail.com","FINISHED","","20792.252112180493",""
"2025-09-08 00:12:48","39.6s","fc6f109d68304970a7dbaffa8a2cbc1d","BaggingRegressor_Fold_3","NOTEBOOK","/Users/omars.soub@gmail.com/full_pipeline_example/Machine_Learning","omars.soub@gmail.com","FINISHED","","45425.34453691458",""
"2025-09-08 00:12:09","39.4s","f7a3f1a5f6cf46fdbaa445477ecbd5b1","BaggingRegressor_Fold_2","NOTEBOOK","/Users/omars.soub@gmail.com/full_pipeline_example/Machine_Learning","omars.soub@gmail.com","FINISHED","","38196.665668447575",""
"2025-09-08 00:11:28","40.0s","8ebe97837775420a826907a95092f883","BaggingRegressor_Fold_1","NOTEBOOK","/Users/omars.soub@gmail.com/full_pipeline_example/Machine_Learning","omars.soub@gmail.com","FINISHED","","6537.796891338137",""
"2025-09-08 00:10:49","39.4s","cc39d06709b94d01ae9420a814e4bf79","BaggingRegressor_Fold_0","NOTEBOOK","/Users/omars.soub@gmail.com/full_pipeline_example/Machine_Learning","omars.soub@gmail.com","FINISHED","","11179.583175626389",""
"2025-09-08 00:10:49","3.3min","ea25c96d328e4c82aa8f8021c5e7fa5d","BaggingRegressor","NOTEBOOK","/Users/omars.soub@gmail.com/full_pipeline_example/Machine_Learning","omars.soub@gmail.com","FINISHED","BaggingRegressor","","24426.328476901435"
"2025-09-08 00:10:48","0.5s","1aef28534ebc409e85a8884a08bb59f2","SGDRegressor_Fold_4","NOTEBOOK","/Users/omars.soub@gmail.com/full_pipeline_example/Machine_Learning","omars.soub@gmail.com","FINISHED","","136371.348210568",""
"2025-09-08 00:10:47","367ms","6517984a1ed54562bf494f97bfe4f403","SGDRegressor_Fold_3","NOTEBOOK","/Users/omars.soub@gmail.com/full_pipeline_example/Machine_Learning","omars.soub@gmail.com","FINISHED","","144977.5408675319",""
"2025-09-08 00:10:47","0.5s","96da4ce4c3244c528b9784488fc5ddc1","SGDRegressor_Fold_2","NOTEBOOK","/Users/omars.soub@gmail.com/full_pipeline_example/Machine_Learning","omars.soub@gmail.com","FINISHED","","140015.61608061122",""
"2025-09-08 00:10:46","431ms","3ea8440fc5904b76a33f762768b0f84e","SGDRegressor_Fold_1","NOTEBOOK","/Users/omars.soub@gmail.com/full_pipeline_example/Machine_Learning","omars.soub@gmail.com","FINISHED","","107990.46800556016",""
"2025-09-08 00:10:45","0.5s","3d0a5698d8384394ac7e84d336cfe85c","SGDRegressor_Fold_0","NOTEBOOK","/Users/omars.soub@gmail.com/full_pipeline_example/Machine_Learning","omars.soub@gmail.com","FINISHED","","117279.66302868565",""
"2025-09-08 00:10:45","3.3s","df85e428fc0148e68dce57eda1e296f6","SGDRegressor","NOTEBOOK","/Users/omars.soub@gmail.com/full_pipeline_example/Machine_Learning","omars.soub@gmail.com","FINISHED","SGDRegressor","","129326.9272385914"
"2025-09-08 00:10:44","0.7s","b614ccf79984489aad9b64014a69f594","KNeighborsRegressor_Fold_4","NOTEBOOK","/Users/omars.soub@gmail.com/full_pipeline_example/Machine_Learning","omars.soub@gmail.com","FINISHED","","129700.0980099784",""
"2025-09-08 00:10:43","0.8s","8ca7a1752b5e4e708fd91a01f8297aa2","KNeighborsRegressor_Fold_3","NOTEBOOK","/Users/omars.soub@gmail.com/full_pipeline_example/Machine_Learning","omars.soub@gmail.com","FINISHED","","140497.267866497",""
"2025-09-08 00:10:42","0.8s","626182aec96a4eef8101e452dbb7da3d","KNeighborsRegressor_Fold_2","NOTEBOOK","/Users/omars.soub@gmail.com/full_pipeline_example/Machine_Learning","omars.soub@gmail.com","FINISHED","","150284.05173025542",""
"2025-09-08 00:10:41","0.8s","22115c7e100e4f6bb9ea87633b35431a","KNeighborsRegressor_Fold_1","NOTEBOOK","/Users/omars.soub@gmail.com/full_pipeline_example/Machine_Learning","omars.soub@gmail.com","FINISHED","","112889.6453614087",""
"2025-09-08 00:10:40","0.9s","ec6d49e9dfdf438ab9fce1f6720fb4e1","KNeighborsRegressor_Fold_0","NOTEBOOK","/Users/omars.soub@gmail.com/full_pipeline_example/Machine_Learning","omars.soub@gmail.com","FINISHED","","113419.52172680659",""
"2025-09-08 00:10:40","4.9s","44293e341abd4241821d5641bfd481d9","KNeighborsRegressor","NOTEBOOK","/Users/omars.soub@gmail.com/full_pipeline_example/Machine_Learning","omars.soub@gmail.com","FINISHED","KNeighborsRegressor","","129358.11693898922"
"2025-09-08 00:10:38","2.0s","a751bb4e834a4a20b060f87d50b49b9e","AdaBoostRegressor_Fold_4","NOTEBOOK","/Users/omars.soub@gmail.com/full_pipeline_example/Machine_Learning","omars.soub@gmail.com","FINISHED","","166966.19519836002",""
"2025-09-08 00:10:36","1.8s","e8cba12b52994a2187d6601e5c4ae278","AdaBoostRegressor_Fold_3","NOTEBOOK","/Users/omars.soub@gmail.com/full_pipeline_example/Machine_Learning","omars.soub@gmail.com","FINISHED","","135192.1460137804",""
"2025-09-08 00:10:34","1.8s","ee549162352942ca859ea72b44aa5c17","AdaBoostRegressor_Fold_2","NOTEBOOK","/Users/omars.soub@gmail.com/full_pipeline_example/Machine_Learning","omars.soub@gmail.com","FINISHED","","157727.88670818234",""
"2025-09-08 00:10:32","1.9s","5a32161254bb4cdf97bdbed095ac9e95","AdaBoostRegressor_Fold_1","NOTEBOOK","/Users/omars.soub@gmail.com/full_pipeline_example/Machine_Learning","omars.soub@gmail.com","FINISHED","","183430.6244937092",""
"2025-09-08 00:10:30","1.8s","3f31568aaf6044458b24a22a04eb4212","AdaBoostRegressor_Fold_0","NOTEBOOK","/Users/omars.soub@gmail.com/full_pipeline_example/Machine_Learning","omars.soub@gmail.com","FINISHED","","173465.76558523733",""
"2025-09-08 00:10:30","10.4s","103954f539a64fbfaf08ac23eeb4966e","AdaBoostRegressor","NOTEBOOK","/Users/omars.soub@gmail.com/full_pipeline_example/Machine_Learning","omars.soub@gmail.com","FINISHED","AdaBoostRegressor","","163356.52359985386"
"2025-09-08 00:10:26","3.2s","ba1b83524c3941fc944b33c7d018279e","GradientBoostingRegressor_Fold_4","NOTEBOOK","/Users/omars.soub@gmail.com/full_pipeline_example/Machine_Learning","omars.soub@gmail.com","FINISHED","","33655.18597583836",""
"2025-09-08 00:10:23","3.1s","c61366667ca94bd68b0038ac2b1ad9f9","GradientBoostingRegressor_Fold_3","NOTEBOOK","/Users/omars.soub@gmail.com/full_pipeline_example/Machine_Learning","omars.soub@gmail.com","FINISHED","","22909.082826139773",""
"2025-09-08 00:10:19","3.4s","149f84a86a03482995d0f746929d7201","GradientBoostingRegressor_Fold_2","NOTEBOOK","/Users/omars.soub@gmail.com/full_pipeline_example/Machine_Learning","omars.soub@gmail.com","FINISHED","","27417.556570254666",""
"2025-09-08 00:10:16","3.1s","6d7b9927bcef4ac4890f8ee9da2d8cbd","GradientBoostingRegressor_Fold_1","NOTEBOOK","/Users/omars.soub@gmail.com/full_pipeline_example/Machine_Learning","omars.soub@gmail.com","FINISHED","","11035.601489570132",""
"2025-09-08 00:10:13","3.1s","40ffc882755942a180c5d7cdefc3bf46","GradientBoostingRegressor_Fold_0","NOTEBOOK","/Users/omars.soub@gmail.com/full_pipeline_example/Machine_Learning","omars.soub@gmail.com","FINISHED","","14936.026391610767",""
"2025-09-08 00:10:13","16.8s","6fda6b96abf344bba59ec5528219c235","GradientBoostingRegressor","NOTEBOOK","/Users/omars.soub@gmail.com/full_pipeline_example/Machine_Learning","omars.soub@gmail.com","FINISHED","GradientBoostingRegressor","","21990.69065068274"
"2025-09-08 00:10:05","7.5s","91c8800682c54c188640e7ad216c3e4e","RandomForestRegressor_Fold_4","NOTEBOOK","/Users/omars.soub@gmail.com/full_pipeline_example/Machine_Learning","omars.soub@gmail.com","FINISHED","","21134.091840808993",""
"2025-09-08 00:09:57","7.8s","46152e330e45458fbc19445598701560","RandomForestRegressor_Fold_3","NOTEBOOK","/Users/omars.soub@gmail.com/full_pipeline_example/Machine_Learning","omars.soub@gmail.com","FINISHED","","45379.77753565652",""
"2025-09-08 00:09:49","8.0s","57b27c49011f450e90b199dbe04e1520","RandomForestRegressor_Fold_2","NOTEBOOK","/Users/omars.soub@gmail.com/full_pipeline_example/Machine_Learning","omars.soub@gmail.com","FINISHED","","38222.08741507849",""
"2025-09-08 00:09:41","7.7s","c2de112e178a4335ae6dc7b9b5e87bc7","RandomForestRegressor_Fold_1","NOTEBOOK","/Users/omars.soub@gmail.com/full_pipeline_example/Machine_Learning","omars.soub@gmail.com","FINISHED","","7333.89782758106",""
"2025-09-08 00:09:33","7.9s","ee5cda3b3dfd454983dbc525ab9d572f","RandomForestRegressor_Fold_0","NOTEBOOK","/Users/omars.soub@gmail.com/full_pipeline_example/Machine_Learning","omars.soub@gmail.com","FINISHED","","11368.1280453613",""
"2025-09-08 00:09:33","40.0s","8be2cc0865c04df4b02b9ed867bd3ef8","RandomForestRegressor","NOTEBOOK","/Users/omars.soub@gmail.com/full_pipeline_example/Machine_Learning","omars.soub@gmail.com","FINISHED","RandomForestRegressor","","24687.59653289727"
"2025-09-08 00:09:32","4.6min","58d36f59faa34a06b19d09bf941a3938","Cross-Validation Experiment-House Pricing Project","NOTEBOOK","/Users/omars.soub@gmail.com/full_pipeline_example/Machine_Learning","omars.soub@gmail.com","FINISHED","","",""
